Job_Role,Skill,Project 
Software Engineer/Developer,Java,E-commerce Website: Build a full-stack e-commerce platform using Java Spring Boot.
Software Engineer/Developer,Java,Task Manager App: Create a task management tool with Java and MySQL.
Software Engineer/Developer,Java,Chat Application: Develop a real-time chat app using Java and WebSockets.
Software Engineer/Developer,Python,Automated Testing Tool: Build a Python-based tool for automated testing.
Software Engineer/Developer,Python,Web Scraper: Create a web scraper using Python and BeautifulSoup.
Software Engineer/Developer,Python,Data Analysis Dashboard: Develop a dashboard using Python and Flask.
Software Engineer/Developer,C++,Game Development: Create a simple 2D game using C++ and SFML.
Software Engineer/Developer,C++,Algorithm Visualizer: Build a tool to visualize sorting and searching algorithms in C++.
Software Engineer/Developer,C++,Embedded Systems Project: Develop a temperature monitoring system using C++ and Arduino.
Software Engineer/Developer,SQL,Database Management System: Build a database for a library management system using SQL.
Software Engineer/Developer,SQL,Data Migration Tool: Create a tool to migrate data between different SQL databases.
Software Engineer/Developer,SQL,Query Optimization Project: Optimize SQL queries for a large dataset.
Software Engineer/Developer,Problem-Solving,"Algorithm Design: Implement and optimize algorithms for common problems (e.g., shortest path, knapsack)."
Software Engineer/Developer,Problem-Solving,"Competitive Programming: Solve problems on platforms like LeetCode, CodeChef, and HackerRank."
Software Engineer/Developer,Problem-Solving,"Data Structures Project: Build a custom data structure (e.g., a balanced binary tree)."
Data Scientist,Python,Predictive Analytics: Predict house prices using Python and Scikit-learn.
Data Scientist,Python,Sentiment Analysis: Analyze customer reviews using NLP and Python.
Data Scientist,Python,Stock Price Prediction: Use time series analysis to predict stock prices.
Data Scientist,R,Statistical Analysis: Perform statistical analysis on a dataset using R.
Data Scientist,R,Data Visualization: Create interactive visualizations using R and ggplot2.
Data Scientist,R,Hypothesis Testing: Test hypotheses on a dataset using R.
Data Scientist,Machine Learning,Image Classification: Build a model to classify images using TensorFlow or PyTorch.
Data Scientist,Machine Learning,Recommendation System: Develop a movie or product recommendation system.
Data Scientist,Machine Learning,Fraud Detection: Create a fraud detection model using machine learning.
Data Scientist,Statistics,A/B Testing: Perform A/B testing for a website or app.
Data Scientist,Statistics,Regression Analysis: Build a regression model to predict outcomes.
Data Scientist,Statistics,Statistical Modeling: Create a statistical model for a real-world problem.
Data Scientist,Data Visualization,Interactive Dashboard: Build a dashboard using Tableau or Power BI.
Data Scientist,Data Visualization,Data Storytelling: Create a data story using visualizations.
Data Scientist,Data Visualization,Geospatial Analysis: Visualize geospatial data using tools like QGIS or Python.
Cloud Engineer,Cloud Computing,Cloud-Based File Storage: Build a secure file storage system using AWS S3 or Google Cloud Storage.
Cloud Engineer,Cloud Computing,Serverless Web App: Create a serverless web application using AWS Lambda or Azure Functions.
Cloud Engineer,Cloud Computing,Cloud Migration: Migrate an on-premise application to the cloud.
Cloud Engineer,Linux,Linux Server Setup: Set up and configure a Linux server.
Cloud Engineer,Linux,Shell Scripting: Automate tasks using shell scripts.
Cloud Engineer,Linux,Linux Security: Implement security measures on a Linux server.
Cloud Engineer,Networking,Network Monitoring Tool: Build a tool to monitor network traffic.
Cloud Engineer,Networking,VPN Setup: Set up a VPN for secure communication.
Cloud Engineer,Networking,Load Balancer: Implement a load balancer for a web application.
Cloud Engineer,DevOps,CI/CD Pipeline: Set up a CI/CD pipeline using Jenkins or GitHub Actions.
Cloud Engineer,DevOps,Infrastructure as Code (IaC): Use Terraform or Ansible to automate cloud infrastructure setup.
Cloud Engineer,DevOps,Monitoring System: Build a monitoring system using Prometheus and Grafana.
Cloud Engineer,Automation,Automated Deployment: Automate the deployment of a web application.
Cloud Engineer,Automation,Configuration Management: Use tools like Puppet or Chef for configuration management.
Cloud Engineer,Automation,Cloud Automation: Automate cloud resource provisioning using scripts.
DevOps Engineer,CI/CD,Jenkins Pipeline: Create a Jenkins pipeline for a web application.
DevOps Engineer,CI/CD,GitLab CI/CD: Set up a CI/CD pipeline using GitLab.
DevOps Engineer,CI/CD,Automated Testing: Integrate automated testing into a CI/CD pipeline.
DevOps Engineer,Automation,Ansible Playbooks: Write Ansible playbooks for server configuration.
DevOps Engineer,Automation,Puppet Modules: Create Puppet modules for infrastructure management.
DevOps Engineer,Automation,Chef Recipes: Develop Chef recipes for automation.
DevOps Engineer,Scripting,Python Scripts: Write Python scripts for automation tasks.
DevOps Engineer,Scripting,Bash Scripts: Automate tasks using Bash scripts.
DevOps Engineer,Scripting,PowerShell Scripts: Use PowerShell for Windows automation.
DevOps Engineer,Linux,Linux Server Setup: Set up and configure a Linux server.
DevOps Engineer,Linux,Shell Scripting: Automate tasks using shell scripts.
DevOps Engineer,Linux,Linux Security: Implement security measures on a Linux server.
DevOps Engineer,Networking,Network Monitoring Tool: Build a tool to monitor network traffic.
DevOps Engineer,Networking,VPN Setup: Set up a VPN for secure communication.
DevOps Engineer,Networking,Load Balancer: Implement a load balancer for a web application.
Cybersecurity Analyst,Ethical Hacking,Vulnerability Scanner: Build a tool to scan for vulnerabilities in a network.
Cybersecurity Analyst,Ethical Hacking,Penetration Testing: Perform penetration testing on a web application.
Cybersecurity Analyst,Ethical Hacking,Security Audit: Conduct a security audit for a system.
Cybersecurity Analyst,Network Security,Firewall Configuration: Set up and configure a firewall.
Cybersecurity Analyst,Network Security,Intrusion Detection System: Implement an IDS for a network.
Cybersecurity Analyst,Network Security,Network Traffic Analysis: Analyze network traffic for suspicious activity.
Cybersecurity Analyst,Risk Management,Risk Assessment: Perform a risk assessment for a system.
Cybersecurity Analyst,Risk Management,Compliance Audit: Conduct a compliance audit for a company.
Cybersecurity Analyst,Risk Management,Security Policy Development: Develop a security policy for an organization.
Cybersecurity Analyst,Encryption,File Encryption Tool: Implement a file encryption tool using AES or RSA.
Cybersecurity Analyst,Encryption,SSL/TLS Implementation: Set up SSL/TLS for a web server.
Cybersecurity Analyst,Encryption,Cryptography Project: Build a custom encryption algorithm.
Full Stack Developer,JavaScript,E-commerce Website: Build a full-stack e-commerce platform using JavaScript and Node.js.
Full Stack Developer,JavaScript,Task Manager App: Create a task management tool with JavaScript and React.
Full Stack Developer,JavaScript,Chat Application: Develop a real-time chat app using WebSockets.
Full Stack Developer,React,Portfolio Website: Build a personal portfolio website using React.
Full Stack Developer,React,Social Media Clone: Create a simplified version of a social media platform.
Full Stack Developer,React,E-Learning Platform: Develop an online course platform with React.
Full Stack Developer,Node.js,Blog Platform: Build a blogging platform with user authentication and CRUD operations.
Full Stack Developer,Node.js,Online Quiz App: Create an app where users can take quizzes and view results.
Full Stack Developer,Node.js,API Development: Develop a RESTful API using Node.js and Express.
Full Stack Developer,Databases,Database Management System: Build a database for a library management system.
Full Stack Developer,Databases,Data Migration Tool: Create a tool to migrate data between different databases.
Full Stack Developer,Databases,Query Optimization Project: Optimize SQL queries for a large dataset.
Full Stack Developer,HTML/CSS,Responsive Website: Build a responsive website using HTML and CSS.
Full Stack Developer,HTML/CSS,CSS Animations: Create a website with interactive CSS animations.
Full Stack Developer,HTML/CSS,Web Design Project: Design and develop a website for a small business.
AI/ML Engineer,Python,Image Classification: Build a model to classify images using TensorFlow or PyTorch.
AI/ML Engineer,Python,Chatbot: Create a chatbot using NLP and deep learning.
AI/ML Engineer,Python,Recommendation System: Develop a movie or product recommendation system.
AI/ML Engineer,Machine Learning,Predictive Analytics: Predict house prices using a dataset.
AI/ML Engineer,Machine Learning,Fraud Detection: Create a fraud detection model using machine learning.
AI/ML Engineer,Machine Learning,Sentiment Analysis: Analyze customer reviews to determine sentiment using NLP.
AI/ML Engineer,Deep Learning,Face Recognition: Implement a face recognition system using OpenCV and deep learning.
AI/ML Engineer,Deep Learning,Neural Networks: Build a neural network from scratch.
AI/ML Engineer,Deep Learning,AI Ethics: Research and implement ethical AI practices.
AI/ML Engineer,Data Modeling,Predictive Modeling: Build a predictive model for a real-world problem.
AI/ML Engineer,Data Modeling,Data Analysis: Perform data analysis on a large dataset.
AI/ML Engineer,Data Modeling,AI Strategy: Develop an AI strategy for a business.
UI/UX Designer,Wireframing,Portfolio Website: Design and develop a personal portfolio website.
UI/UX Designer,Wireframing,Mobile App Redesign: Redesign an existing app to improve usability and aesthetics
UI/UX Designer,Wireframing,E-Commerce App Prototype: Create a high-fidelity prototype for an e-commerce app.
UI/UX Designer,Prototyping,Interactive Prototype: Create an interactive prototype for a web application
UI/UX Designer,Prototyping,User Flow Design: Design user flows for a mobile app.
UI/UX Designer,Prototyping,Wireframe Design: Develop wireframes for a new website.
UI/UX Designer,User Research,User Research Report: Conduct user research for a product and present findings with actionable insights
UI/UX Designer,User Research,Usability Testing: Perform usability testing on a website or app
UI/UX Designer,User Research,User Persona Development: Create user personas for a target audience
UI/UX Designer,Visual Design,Branding Project: Develop a branding strategy for a company.
UI/UX Designer,Visual Design,Graphic Design: Create graphics for a marketing campaign
UI/UX Designer,Visual Design,Visual Identity: Design a visual identity for a startup.
Mobile App Engineer,Android,To-Do List App: Build a to-do list app with features like reminders and task prioritization.
Mobile App Engineer,Android,Weather App: Create a weather app that fetches real-time data from an API
Mobile App Engineer,Android,"Fitness Tracker: Develop an app to track workouts, calories, and progress"
Mobile App Engineer,iOS,Expense Tracker: Build an app to track expenses and manage budgets.
Mobile App Engineer,iOS,Recipe App: Create an app for storing and sharing recipes.
Mobile App Engineer,iOS,Travel Planner: Develop an app to plan and organize travel itineraries.
Mobile App Engineer,Kotlin,Note-Taking App: Build a note-taking app with offline support.
Mobile App Engineer,Kotlin,"E-Commerce App: Develop a mobile app for an online store with features like product search, cart, and checkout."
Mobile App Engineer,Kotlin,Social Media App: Create a simplified version of a social media platform.
Mobile App Engineer,Swift,Habit Tracker: Build an app to track daily habits and goal
Mobile App Engineer,Swift,News App: Develop an app to fetch and display news articles from an API.
Mobile App Engineer,Swift,Event Planner: Create an app to plan and manage events
Mobile App Engineer,Mobile App Development,Cross-Platform App: Build a cross-platform app using Flutter or React Native.
Mobile App Engineer,Mobile App Development,Gaming App: Develop a simple mobile game
Mobile App Engineer,Mobile App Development,Health Monitoring App: Create an app to monitor health metrics like heart rate and steps.
Front-End Developer,HTML & CSS,Portfolio Website: Develop a personal portfolio showcasing projects and skills.
Front-End Developer,JavaScript,Interactive To-Do List: Build a dynamic to-do list with task filtering and local storage.
Front-End Developer,React.js,E-Commerce Front-End: Create a responsive e-commerce website using React.js.
Front-End Developer,Angular,Admin Dashboard: Develop a feature-rich admin dashboard with Angular and Material UI.
Front-End Developer,Node.js,Full-Stack Blogging Platform: Build a blogging site with authentication and content management.
Back-End Developer,Java,Library Management System: Build a backend system for managing books and users using Java and Spring Boot.
Back-End Developer,Spring Boot,REST API for E-commerce: Develop a RESTful API with Spring Boot for an e-commerce platform.
Back-End Developer,Node.js,Chat Application Backend: Implement a real-time chat backend using Node.js and Socket.io.
Back-End Developer,SQL,Online Banking System: Create a database-driven banking system with SQL and transactional security.
Back-End Developer,GraphQL,GraphQL API for Social Media: Design a GraphQL-based API to manage social media posts and comments.
Game Developer,C++,2D Platformer Game: Develop a side-scrolling platformer using C++ and SDL.
Game Developer,C#,FPS Shooter Game: Create a first-person shooter game using C# and Unity.
Game Developer,Unity,Multiplayer Racing Game: Build a multiplayer car racing game with Unity and Photon.
Game Developer,Unreal Engine,3D Adventure Game: Develop an open-world adventure game using Unreal Engine.
Game Developer,Game AI,AI-Based Enemy Behavior: Implement AI-driven enemy movements and decision-making in a game.
