Branch,Job Role,Skills,Certifications,Internships,Projects
ECE,Embedded Systems Engineer,"Microcontrollers, PCB Design, Embedded C","ARM Cortex Certification, Udemy Embedded Systems","Bosch Embedded Internship, TI Embedded Systems Internship","IoT-based Smart Home System, Smart Agriculture System"
ECE,VLSI Design Engineer,"Verilog, VHDL, FPGA Design, CMOS Technology","RTL Design Certification, Cadence VLSI Training","Intel VLSI Internship, Synopsys Training Program","Low Power VLSI Circuit Design, ASIC Design Optimization"
ECE,RF Engineer,"RF Circuit Design, Antenna Design, Signal Processing","RF and Microwave Engineering (Coursera), Keysight RF Training","ISRO RF Engineering Internship, DRDO Microwave Internship","Design of a Microstrip Patch Antenna, Wireless Sensor Network for Disaster Management"
ECE,Communication Engineer,"Wireless Communication, LTE, 5G, MATLAB","5G Wireless Communication (NPTEL), MATLAB for Wireless Systems","Ericsson 5G Internship, Nokia Wireless R&D Internship","Simulation of 5G Communication System, Real-time Spectrum Monitoring System"
ECE,IoT Engineer,"IoT Protocols, Embedded C, MQTT, NodeMCU","IoT Specialization (Coursera), Cisco IoT Certification","Tata Communications IoT Internship, Texas Instruments Embedded IoT Program","Smart Traffic Management System, Industrial IoT-Based Predictive Maintenance"
ECE,Control Systems Engineer,"Control Theory, PID Controllers, MATLAB Simulink","Control Systems Engineering (Udemy), MATLAB Simulink Course","ABB Control Systems Internship, Siemens Automation Internship","PID-Based Industrial Temperature Control System, Self-Balancing Robot"
ECE,FPGA Engineer,"FPGA Programming, SystemVerilog, Xilinx Vivado","FPGA Design with VHDL (Udemy), Xilinx FPGA Training","Xilinx FPGA Internship, AMD FPGA Design Program","Image Processing using FPGA, Hardware Acceleration for AI Applications"
ECE,Automotive Electronics Engineer,"CAN Protocol, AUTOSAR, Embedded C","Automotive Embedded Systems (Udemy), AUTOSAR Training","Bosch Automotive Electronics Internship, Continental Automotive Internship","Vehicle ECU Design for Electric Vehicles, Automotive Radar-Based Collision Avoidance System"
ECE,Robotics Engineer,"ROS, Computer Vision, Motion Planning","Robotics Specialization (Coursera), ROS for Beginners","Boston Dynamics Robotics Internship, IIT Robotics Research Internship","Autonomous Delivery Robot, AI-Based Gesture Control Robot"
ECE,Signal Processing Engineer,"Digital Signal Processing, Fourier Analysis, MATLAB","DSP & Audio Processing (Udemy), MATLAB Signal Processing","Qualcomm Signal Processing Internship, Texas Instruments DSP Program","Speech Recognition System, Noise Cancellation using DSP"
ECE,Power Electronics Engineer,"Power Converters, PCB Design, MATLAB Simulink","Power Electronics and Drives (NPTEL), Texas Instruments Power Systems","Schneider Electric Power Electronics Internship, ABB Power Systems Internship","Wireless Power Transfer System, Battery Management System for EVs"
ECE,Biomedical Engineer,"Biomedical Instrumentation, Signal Processing, AI in Healthcare","Medical Electronics Certification, AI in Healthcare (Coursera)","GE Healthcare Biomedical Internship, Philips Medical Internship","ECG Signal Analysis, AI-Based Disease Prediction System"
ECE,Antenna Design Engineer,"Microwave Antennas, Electromagnetics, HFSS Simulation","Advanced Antenna Design (Udemy), CST Microwave Studio Training","ISRO Antenna Design Internship, DRDO Antenna Research Internship","Adaptive Beamforming Antenna, Smart Wearable Antenna for IoT Devices"
ECE,Embedded Systems Engineer,"Microcontrollers, PCB Design, Embedded C, RTOS","ARM Cortex Programming (Arm Education), IoT Embedded Systems (Coursera)","STMicroelectronics Embedded Internship, NXP Embedded Training Program","Smart Traffic Light System, Edge AI for Embedded Vision"
ECE,VLSI Design Engineer,"Verilog, VHDL, FPGA Design, CMOS Technology","ASIC Design Flow (Udemy), Synopsys VLSI Digital Design","GlobalFoundries VLSI Internship, Mentor Graphics VLSI Training","AI-Optimized Digital Circuit, Low-Power SRAM Design"
ECE,RF Engineer,"RF Circuit Design, Antenna Design, Signal Processing","Microwave Engineering (MIT OpenCourseWare), Wireless Communication (NPTEL)","SpaceX RF Systems Internship, Qualcomm RFIC Internship","Design of mmWave 5G Antenna, RF Energy Harvesting System"
ECE,Communication Engineer,"Wireless Communication, 5G, OFDM, MATLAB","5G Physical Layer Design (IEEE), Satellite Communication (Coursera)","NASA Satellite Communication Internship, Ericsson Telecom Research Program","Li-Fi Based Data Transmission, Wireless Communication for Disaster Recovery"
ECE,IoT Engineer,"IoT Protocols, Embedded C, Zigbee, MQTT","Industrial IoT (NPTEL), IoT Security & Privacy (Udacity)","Intel IoT Innovation Lab, IBM Watson IoT Internship","AI-Based Smart Farming, IoT-Based Water Quality Monitoring"
ECE,Control Systems Engineer,"Control Theory, PID Controllers, MATLAB Simulink","Modern Control Design (Coursera), AI for Control Systems (MIT)","Honeywell Automation Internship, Rockwell Automation R&D","AI-Driven Drone Navigation, Fuzzy Logic-Based Robotics Control"
ECE,FPGA Engineer,"FPGA Programming, SystemVerilog, Xilinx Vivado","Xilinx FPGA Hardware Acceleration (Udemy), RTL Verification (NPTEL)","NVIDIA FPGA Internship, AMD Adaptive Computing Research","AI-Based Image Processing using FPGA, Ultra-Low Latency Video Processing"
ECE,Automotive Electronics Engineer,"CAN Protocol, AUTOSAR, Model-Based Design","Automotive Safety Standards (ISO 26262) (Coursera), EV Powertrain Design (Udemy)","Tesla Automotive Embedded Internship, Bosch ADAS Internship","Self-Parking Car System, AI-Based Lane Departure Warning System"
ECE,Robotics Engineer,"ROS, Computer Vision, Kinematics, Python","Robot Operating System (ROS) (Udacity), Humanoid Robotics (MIT)","Boston Dynamics Humanoid Robotics Internship, IIT Robotics AI Lab","AI-Powered Exoskeleton, Autonomous Warehouse Sorting Robot"
ECE,Signal Processing Engineer,"Digital Signal Processing, Fourier Analysis, MATLAB","Speech and Audio Processing (IEEE), MATLAB for DSP (MathWorks)","Apple Audio Signal Processing Internship, Dolby DSP Research Program","Real-Time Speech Enhancement, AI-Based Noise Reduction for Hearing Aids"
ECE,Power Electronics Engineer,"Power Converters, Energy Systems, PCB Design","Advanced Power Electronics (Stanford Online), EV Battery Management (Coursera)","Tesla Battery R&D Internship, Siemens Power Electronics Internship","Wireless Charging System for EVs, High-Efficiency Solar Inverter Design"
ECE,Biomedical Engineer,"Biomedical Instrumentation, Wearable Sensors, AI in Healthcare","Biomedical Signal Analysis (MIT), IoT in Healthcare (Udemy)","Medtronic Healthcare Internship, GE Medical Imaging Research","AI-Based ECG Classification, Wearable Health Monitoring Device"
ECE,Antenna Design Engineer,"Microwave Antennas, Electromagnetics, HFSS Simulation","Radar and Wireless Sensor Networks (Coursera), CST Microwave Studio (Udemy)","DRDO Radar System Design Internship, Boeing Aerospace Antenna Research","Beamforming Antenna for 6G, Smart Textile-Based Wearable Antenna"
ECE,ASIC Design Engineer,"RTL Coding, Chip Verification, CMOS Circuits","ASIC Verification (Synopsys), Physical Design Flow (Cadence)","AMD ASIC Chip Design Internship, Broadcom Semiconductor Internship","AI-Assisted FPGA-to-ASIC Migration, Next-Gen Processor Design"
ECE,Cyber-Physical Systems Engineer,"IoT, AI in Embedded Systems, Security Protocols","Cyber-Physical Systems (MIT), IoT Cybersecurity (Stanford)","IBM CPS Security Internship, Cyber-Physical Research at NIST","AI-Based Predictive Maintenance for Industry 4.0, Secure Smart Grid System"
ECE,Radar Systems Engineer,"Radar Signal Processing, Waveform Design, MATLAB","Advanced Radar Systems (MIT OpenCourseWare), SAR Imaging (Udacity)","ISRO Radar Engineering Internship, Lockheed Martin Radar Systems","AI-Based Object Tracking in Radar, Drone Detection using SAR Imaging"
ECE,Embedded Systems Engineer,"ARM Cortex, RTOS, IoT Security","Embedded Systems Architecture (Coursera), ARM RTOS Development (Udemy)","STMicroelectronics Embedded Internship, Infineon IoT Training","AI-Based Smart Home Automation, Wearable Health Monitoring System"
ECE,Embedded Systems Engineer,"Microcontrollers, Firmware Development, Serial Communication","IoT Embedded Systems (Udacity), Cypress MCU Certification","Bosch Automotive Embedded Internship, NXP Embedded Bootcamp","Industrial IoT-Based Smart Factory, Edge Computing for Embedded AI"
ECE,VLSI Design Engineer,"ASIC Verification, RTL Scripting, Hardware Security","ASIC Design and Verification (IEEE), Digital VLSI Circuits (MIT)","GlobalFoundries RTL Design Internship, Cadence Physical Design Training","AI-Accelerated VLSI Circuit, Fault-Tolerant Logic Gates"
ECE,VLSI Design Engineer,"FPGA Optimization, Low Power Design, SystemVerilog","FPGA Architecture (Xilinx), RTL Optimization (Udemy)","AMD VLSI Research Internship, Intel SOC Design Internship","Reconfigurable FPGA for AI, Low-Power ALU Design"
ECE,RF Engineer,"RF Transmitters, Spectrum Analysis, mmWave Antennas","RF Circuit Design (IEEE), Microwave Theory (MIT)","Qualcomm RF Internship, Keysight RF Research Program","AI-Based Spectrum Management, Wearable RF Energy Harvesting"
ECE,RF Engineer,"Satellite Communications, RFIC Design, Radar Systems","Satellite Communication Systems (Coursera), RFIC Design Fundamentals","ISRO RF Engineering Internship, Boeing Aerospace RF Internship","Ka-Band Satellite Antenna, AI-Powered Radar Object Detection"
ECE,Communication Engineer,"5G-NR, Wireless Networks, IoT Connectivity","5G Physical Layer (Coursera), Wireless Network Security (Udemy)","Nokia 5G Research Internship, Ericsson Wireless Systems Bootcamp","AI-Based Wireless Network Optimization, Smart City Communication Network"
ECE,Communication Engineer,"Optical Fiber Systems, LPWAN, Bluetooth 5.0","Optical Fiber Communication (MIT), LPWAN and IoT (NPTEL)","Cisco Optical Networking Internship, Huawei Wireless R&D","AI-Assisted Optical Signal Processing, Li-Fi Communication System"
ECE,IoT Engineer,"MQTT, Zigbee, Blockchain in IoT","IoT Security and Privacy (Udacity), Industrial IoT (Coursera)","Intel IoT Lab Internship, IBM Watson IoT Research","Blockchain-Based Secure IoT, AI-Driven Predictive Maintenance"
ECE,IoT Engineer,"Smart Sensors, IoT Data Analytics, Fog Computing","Smart Sensors and IoT (MIT), IoT Data Science (Udemy)","Texas Instruments IoT Research Internship, Tata Communications IoT Bootcamp","AI-Enabled Smart Waste Management, AI-Based Traffic Control System"
ECE,Control Systems Engineer,"AI in Control, Model Predictive Control, State Space Analysis","Modern Control Systems (Coursera), MATLAB for Control Engineers","ABB Process Control Internship, Siemens AI Control Systems Bootcamp","AI-Based Adaptive Cruise Control, Robotics Arm with AI Feedback"
ECE,Control Systems Engineer,"Embedded Control, Power Systems, Control Theory","Power Systems and Control (NPTEL), PID Controller Design (Udemy)","Rockwell Automation Internship, Schneider Electric Power Systems","AI-Optimized Power Grid, Smart Energy Management System"
ECE,FPGA Engineer,"Hardware Acceleration, Real-Time Data Processing, AI FPGA","FPGA in AI and ML (Xilinx), SystemVerilog for FPGA (Udacity)","NVIDIA FPGA Research Internship, AMD Adaptive Computing Program","AI-Based Video Processing FPGA, Real-Time Object Detection System"
ECE,FPGA Engineer,"SoC FPGA, RISC-V, High-Speed Data Interfaces","SoC Design with FPGA (IEEE), High-Speed Interfaces (Coursera)","Texas Instruments SoC Design Internship, Broadcom FPGA Training","RISC-V FPGA Implementation, AI-Based Image Enhancement"
ECE,Automotive Electronics Engineer,"ADAS, Vehicle ECU, Functional Safety","Automotive Embedded Systems (ISO 26262), CAN Protocol (Udacity)","Tesla EV Electronics Internship, Continental ADAS Research","AI-Based Collision Avoidance, Smart Dashboard for Electric Vehicles"
ECE,Automotive Electronics Engineer,"LiDAR Integration, Battery Management Systems, AI in EVs","LiDAR Perception for Vehicles (Coursera), EV Battery Technologies (NPTEL)","Mahindra EV Research Internship, Bosch Autonomous Driving Internship","AI-Based Battery Optimization, AI-Driven EV Charging Network"
ECE,Robotics Engineer,"Computer Vision, Robot Kinematics, AI in Robotics","ROS for Engineers (Udacity), AI-Powered Robotics (MIT)","Boston Dynamics Robotics Internship, IIT AI Robotics Research","AI-Based Warehouse Automation, AI-Driven Drone Swarm"
ECE,Robotics Engineer,"Humanoid Robotics, SLAM, Soft Robotics","Humanoid Motion Planning (Coursera), Soft Robotics (NPTEL)","NASA Robotics Research Internship, ABB Robotics AI Internship","AI-Powered Prosthetic Hand, AI-Based Smart Wheelchair"
ECE,Signal Processing Engineer,"AI in Audio Processing, Speech Recognition, Adaptive Filters","Audio DSP (Coursera), MATLAB Audio Signal Processing (Udemy)","Dolby Audio DSP Internship, Qualcomm AI Audio Processing","AI-Based Hearing Aid, AI-Optimized Voice Cloning"
ECE,Signal Processing Engineer,"Image Compression, Neural DSP, Wireless Signal Processing","Image Processing with AI (MIT), Advanced Signal Processing (NPTEL)","Apple AI Signal Processing Internship, Samsung Neural DSP Research","AI-Based Video Compression, AI-Enhanced Image Super-Resolution"
ECE,Power Electronics Engineer,"Power Conversion, Energy Storage, Renewable Integration","Power Electronics for EVs (Stanford), Grid Energy Systems (MIT)","Tesla Battery R&D Internship, ABB Renewable Power Electronics","AI-Based EV Battery Thermal Management, AI-Powered Smart Grid"
ECE,Power Electronics Engineer,"Wireless Power Transfer, High-Frequency Converters, AI in Power","Wireless Charging Tech (IEEE), AI for Power Electronics (Coursera)","Schneider Electric Power Internship, Siemens AI Power Research","AI-Based Wireless Charging for Drones, AI-Optimized Smart Power Inverter"
ECE,Biomedical Engineer,"AI in Healthcare, Wearable Health Sensors, Biomedical Data Processing","AI in Healthcare (Harvard), Medical Electronics (NPTEL)","GE Healthcare AI Internship, Medtronic Wearable R&D","AI-Based ECG Prediction, Smart AI-Based Wearable for Epilepsy Detection"
ECE,Biomedical Engineer,"Biomechatronics, Neural Interfaces, AI in Radiology","Biomechatronics (MIT), AI in Medical Imaging (Udacity)","Philips AI Biomedical Internship, Siemens AI in Radiology","AI-Powered MRI Image Enhancement, AI-Based Neural Prosthetics"
ECE,Embedded Systems Engineer,"AI in Embedded, IoT Edge Computing, RISC Architecture","Embedded AI Systems (MIT), IoT Edge Computing (Udacity)","Infineon AI-Embedded Internship, TI IoT Security Bootcamp","AI-Powered Real-Time Gesture Recognition, Smart Wearable ECG Monitor"
ECE,Embedded Systems Engineer,"Memory Optimization, Secure Boot, Device Driver Development","Secure Embedded Systems (Coursera), Low-Level Firmware Development (NPTEL)","STMicroelectronics Secure Firmware Internship, Qualcomm Low-Power MCU R&D","AI-Based Low-Power Embedded Device, Secure Boot for IoT Devices"
ECE,VLSI Design Engineer,"Memory Design, VLSI Testing, Semiconductor Physics","Memory Design in VLSI (IEEE), VLSI Verification using SystemVerilog (Udemy)","Samsung Memory Chip Design Internship, TSMC Semiconductor Fabrication Program","AI-Based Defect Detection in VLSI, Low-Power SRAM Cell Design"
ECE,VLSI Design Engineer,"Mixed-Signal Design, RF CMOS Circuits, Analog Layout","Analog VLSI Design (NPTEL), Mixed-Signal IC Design (MIT)","Analog Devices Semiconductor Internship, Broadcom Mixed-Signal IC Program","AI-Based Power Optimization in Mixed-Signal Circuits, RF CMOS Amplifier Design"
ECE,RF Engineer,"Radar Signal Processing, Synthetic Aperture Radar (SAR), AI in RF","Advanced Radar Systems (MIT), AI in RF Engineering (IEEE)","DRDO Radar Systems Internship, Lockheed Martin RF Research Program","AI-Powered Drone Detection Radar, AI-Based RF Interference Mitigation"
ECE,RF Engineer,"Software-Defined Radio (SDR), Phased Array Antennas, Beamforming","SDR and Cognitive Radio (Udacity), AI-Based Beamforming (Coursera)","Thales Phased Array Research Internship, SpaceX RF Communications Internship","AI-Based Phased Array Antenna for 5G, Real-Time SDR for Spectrum Sensing"
ECE,Communication Engineer,"AI-Based Network Optimization, Cognitive Radio, SDR Protocols","AI in Wireless Networks (IEEE), Next-Gen Wireless Protocols (Udacity)","Qualcomm AI-Based Communication Internship, Nokia 6G Research Program","AI-Powered Dynamic Spectrum Allocation, AI-Driven Wireless Mesh Network"
ECE,Communication Engineer,"Satellite IoT, Mesh Networks, AI-Based Modulation","Satellite IoT (MIT), AI in Communication Systems (Coursera)","SpaceX Starlink Communication Internship, ESA Satellite Networking Program","AI-Based IoT for Remote Sensing, AI-Powered Smart Mesh Network"
ECE,IoT Engineer,"AI-Based Predictive Maintenance, Real-Time IoT Analytics, AI in Edge Devices","AI and IoT for Industry 4.0 (Udacity), Secure IoT Development (NPTEL)","Siemens AI-Powered IoT Internship, Bosch Predictive Maintenance Bootcamp","AI-Based Smart Grid Monitoring, AI-Driven Industrial Equipment Failure Prediction"
ECE,IoT Engineer,"Wireless Sensor Networks (WSN), LoRaWAN, Fog Computing","IoT Security (IEEE), LoRaWAN Protocols (MIT)","Cisco IoT Sensor Research Internship, Tata Communications LPWAN Bootcamp","AI-Optimized Wireless Sensor Deployment, AI-Powered Smart Agriculture System"
ECE,Control Systems Engineer,"AI in Control, Nonlinear Control, Machine Learning in Automation","AI-Based Control Systems (MIT), Nonlinear Control (Udacity)","ABB AI Control Systems Internship, Rockwell AI-Powered Industrial Automation","AI-Driven Robotic Manipulator, AI-Based PID Auto-Tuning System"
ECE,Control Systems Engineer,"Robust Control, Model Predictive Control (MPC), Industrial IoT","Control System Design (IEEE), AI in Industrial Automation (NPTEL)","Schneider Electric AI-Powered Automation Internship, Honeywell Process Control Bootcamp","AI-Based Energy Management System, AI-Optimized Industrial HVAC Control"
ECE,FPGA Engineer,"AI-Based Hardware Acceleration, FPGA-Based Neural Networks, Edge AI","FPGA for Deep Learning (Udacity), AI-Powered FPGA Optimization (IEEE)","AMD AI-Based FPGA Internship, NVIDIA Edge AI FPGA Research","AI-Based Reconfigurable Hardware Accelerator, Real-Time Video Processing on FPGA"
ECE,FPGA Engineer,"AI Hardware Optimization, DSP in FPGA, Low-Power FPGA Design","DSP on FPGA (Coursera), AI-Based FPGA Power Optimization (Udemy)","Texas Instruments DSP FPGA Internship, Xilinx Low-Power FPGA Research","AI-Powered Real-Time Image Processing, AI-Based FPGA for Speech Recognition"
ECE,Automotive Electronics Engineer,"Vehicle Communication Protocols, AI in ADAS, LiDAR Data Processing","AI in Automotive Electronics (MIT), LiDAR Perception for ADAS (Udacity)","Tesla AI-Based ADAS Internship, Bosch LiDAR Sensor Research","AI-Based Traffic Sign Recognition, AI-Driven Vehicle-to-Everything (V2X) Communication"
ECE,Automotive Electronics Engineer,"AI-Based Battery Management Systems (BMS), EV Powertrain Optimization","AI in EV Battery Systems (IEEE), Model-Based Design for Automotive (Coursera)","Mercedes-Benz AI-Based EV Research Internship, Mahindra EV BMS Bootcamp","AI-Based Battery Health Prediction, AI-Driven Smart EV Charging Network"
ECE,Robotics Engineer,"AI-Based Motion Planning, AI in Autonomous Vehicles, Vision-Based SLAM","AI in Robotics (Stanford), Autonomous Navigation Systems (Coursera)","Boston Dynamics AI-Powered Robotics Internship, IIT AI Robotics Lab","AI-Powered Warehouse Sorting Robot, AI-Based Self-Balancing Bike"
ECE,Robotics Engineer,"Human-Robot Interaction (HRI), AI in Prosthetics, AI for Manipulators","AI in Humanoid Robotics (MIT), AI-Based Exoskeletons (IEEE)","NASA AI-Based Robotics Internship, IIT Robotics AI Lab","AI-Powered Robotic Prosthetic Arm, AI-Based Assistive Walking Exoskeleton"
ECE,Power Electronics Engineer,"AI-Driven Grid Management, AI in Renewable Energy, Smart Power Distribution","AI in Power Electronics (Stanford), AI-Based Smart Grid Optimization (Udacity)","Tesla AI-Powered Energy Systems Internship, Siemens AI in Renewable Power Research","AI-Based Smart Microgrid, AI-Driven Wind Turbine Power Optimization"
ECE,Biomedical Engineer,"AI in Brain-Computer Interface (BCI), AI in Medical Imaging, Wearable AI for Healthcare","AI in Medical Signal Processing (Harvard), AI-Based BCI Systems (Udemy)","Medtronic AI-Based Neurotechnology Internship, GE Healthcare AI Research","AI-Powered Brain-Controlled Wheelchair, AI-Based Smart Glucose Monitoring System"
EEE,Electrical Design Engineer,Electrical Circuit Design (LT/HT),"AutoCAD Electrical (Udemy, Skillshare)","L&T, Siemens Internship",Smart Building Electrical Layout
EEE,Electrical Design Engineer,"Load Flow Analysis (ETAP, PSS/E)",ETAP Power System Analysis (NPTEL),Tata Power Grid Training,Power Distribution Optimization System
EEE,Electrical Design Engineer,Switchgear & Relay Coordination,"Switchgear Protection (Coursera, IEEE)",ABB India Industrial Training,Industrial Protection System Design
EEE,Electrical Design Engineer,Short Circuit & Fault Analysis,Power System Fault Analysis (Udemy),BHEL Electrical Design Internship,AI-Based Fault Detection in Power Grid
EEE,Electrical Design Engineer,Earthing & Lightning Protection,Industrial Earthing Design (Coursera),NTPC Power Systems Internship,Grounding System for Industrial Plants
EEE,Electrical Design Engineer,Transformer Sizing & Protection,Transformer Testing & Maintenance (IEEE),General Electric (GE) Training,Load Balancing & Transformer Health Monitoring
EEE,Power System Engineer,Power System Analysis,"Power Systems (NPTEL, MIT OpenCourseWare)",Power Grid Corporation of India (PGCIL),AI-Based Fault Detection in Power Grid
EEE,Power System Engineer,Grid Stability & Renewable Integration,"Grid Modernization (Coursera, Udacity)","Tata Power, NTPC",Renewable Energy-Based Microgrid Design
EEE,Power System Engineer,"Relay Protection (PSS/E, PSIM)","Protective Relaying (IEEE, Udemy)",Adani Power Training,Smart Grid Energy Management
EEE,Power System Engineer,Power Quality Analysis,Power Quality Improvement (NPTEL),BHEL Power Engineering Internship,Harmonic Mitigation in Power Systems
EEE,Power System Engineer,HVDC & FACTS,"HVDC Systems (Udemy, IEEE)",Siemens Power Transmission Internship,Simulation of HVDC Transmission Systems
EEE,Embedded Systems Engineer,"Microcontrollers (ARM, AVR, PIC)",ARM Cortex Programming (Udemy),"Texas Instruments, Bosch Embedded Internship",IoT-Based Smart Home Automation
EEE,Embedded Systems Engineer,"PCB Design (Altium, KiCAD)",PCB Design and Fabrication (Coursera),Intel India Embedded Training,PCB Design for IoT Devices
EEE,Embedded Systems Engineer,RTOS & Firmware Development,Embedded RTOS Development (NPTEL),STMicroelectronics Internship,Real-Time Traffic Light System
EEE,Embedded Systems Engineer,"Wireless Communication (Zigbee, LoRa)",Wireless Embedded Systems (Udacity),Qualcomm Embedded Internship,Wireless Sensor Network for Agriculture
EEE,Embedded Systems Engineer,FPGA & ASIC Design,"FPGA Design (IEEE, Udemy)",Texas Instruments FPGA Internship,FPGA-Based Real-Time Signal Processing
EEE,Control Systems Engineer,"PLC & SCADA (Siemens, ABB)","PLC Programming (Siemens, Udemy)",ABB India PLC Automation Internship,Smart Factory Automation using PLC
EEE,Control Systems Engineer,PID Controllers & MATLAB,MATLAB for Control Systems (Coursera),Rockwell Automation Internship,PID-Based Temperature Controller
EEE,Control Systems Engineer,Process Control & Instrumentation,"Process Control (NPTEL, IEEE)",Honeywell Process Automation Training,Industrial Conveyor Belt Automation
EEE,Control Systems Engineer,Industrial Robotics & Motion Control,"Industrial Robotics (Udemy, Coursera)",Fanuc Robotics Internship,Autonomous Industrial Sorting System
EEE,Control Systems Engineer,HMI & DCS Systems,"HMI/SCADA Development (ISA, IEEE)",Yokogawa Industrial Training,IoT-Based Smart Factory Monitoring
EEE,Renewable Energy Engineer,Solar PV System Design (PVSyst),"Solar PV Design (Udemy, Coursera)",Tata Power Solar Internship,Solar-Powered IoT-Based Irrigation System
EEE,Renewable Energy Engineer,Wind Energy & Grid Integration,"Wind Energy Technologies (NPTEL, MIT)",Adani Green Energy Internship,AI-Based Wind Turbine Power Prediction
EEE,Renewable Energy Engineer,Power Electronics for Energy Systems,Power Electronics for Renewables (IEEE),NTPC Renewable Energy Internship,Smart Energy Meter for Solar Grids
EEE,Renewable Energy Engineer,Battery Storage & Energy Management,"Energy Storage Systems (Udemy, NPTEL)",Indian Oil Energy Storage Internship,Smart Grid-Based Energy Storage System
EEE,Renewable Energy Engineer,Smart Grid & Demand Response,Smart Grids & Energy Management (IEEE),Siemens Smart Grid Training,AI-Based Load Forecasting in Smart Grids
EEE,Instrumentation Engineer,Sensors & Transducers,Sensors & Measurement (Coursera),Yokogawa Instrumentation Internship,Smart Sensor-Based Traffic Monitoring
EEE,Instrumentation Engineer,Industrial IoT & Automation,"Industrial IoT (Udemy, NPTEL)",Emerson Electric Training,IoT-Based Smart Factory Monitoring
EEE,Instrumentation Engineer,Biomedical Instrumentation,Medical Devices & Sensors (IEEE),Philips Healthcare Internship,Wearable Health Monitoring System
EEE,Instrumentation Engineer,Signal Processing & Data Acquisition,"DSP for Instrumentation (NPTEL, Udemy)",NI LabVIEW Internship,AI-Based Noise Cancellation for Sensors
EEE,Instrumentation Engineer,Condition Monitoring & Predictive Maintenance,"Vibration & Thermography Analysis (ISA, IEEE)",GE Predictive Maintenance Internship,AI-Based Machine Condition Monitoring
EEE,Automotive Electrical Engineer (EVs),Battery Management System (BMS),"EV Battery Technologies (Udemy, SAE)",Tata Motors EV Internship,BMS for Electric Vehicle Charging Stations
EEE,Automotive Electrical Engineer (EVs),Motor Controllers & Power Electronics,Power Electronics in EVs (IEEE),Mahindra Electric Training,Smart Charging System for EVs
EEE,Automotive Electrical Engineer (EVs),MATLAB & Simulink for EVs,MATLAB for EV Simulations (Coursera),Ola Electric Internship,AI-Based EV Battery Performance Prediction
EEE,Automotive Electrical Engineer (EVs),Automotive CAN & LIN Communication,"Automotive Networking (Udemy, SAE)",Bosch Automotive Embedded Internship,Autonomous Vehicle Communication System
EEE,Automotive Electrical Engineer (EVs),EV Thermal Management Systems,"Thermal Management in EVs (IEEE, Coursera)",Ather Energy Internship,AI-Based Battery Cooling System for EVs
EEE,Electrical Design Engineer,Electrical Circuit Design (LT/HT),"AutoCAD Electrical (Udemy, Skillshare)","L&T, Siemens Internship",Smart Building Electrical Layout
EEE,Electrical Design Engineer,Load Flow Analysis (ETAP),ETAP Power System Analysis (NPTEL),Tata Power Grid Training,Power Distribution Optimization System
EEE,Electrical Design Engineer,Switchgear & Relay Coordination,"Switchgear Protection (Coursera, IEEE)",ABB India Industrial Training,Industrial Protection System Design
EEE,Power System Engineer,Power System Analysis,"Power Systems (NPTEL, MIT OpenCourseWare)",Power Grid Corporation of India (PGCIL),AI-Based Fault Detection in Power Grid
EEE,Power System Engineer,Grid Stability & Renewable Integration,"Grid Modernization (Coursera, Udacity)","Tata Power, NTPC",Renewable Energy-Based Microgrid Design
EEE,Power System Engineer,"Relay Protection (PSS/E, PSIM)","Protective Relaying (IEEE, Udemy)",Adani Power Training,Smart Grid Energy Management
EEE,Embedded Systems Engineer,"Microcontrollers (ARM, AVR, PIC)",ARM Cortex Programming (Udemy),"Texas Instruments, Bosch Embedded Internship",IoT-Based Smart Home Automation
EEE,Embedded Systems Engineer,"PCB Design (Altium, KiCAD)",PCB Design and Fabrication (Coursera),Intel India Embedded Training,PCB Design for IoT Devices
EEE,Embedded Systems Engineer,RTOS & Firmware Development,Embedded RTOS Development (NPTEL),STMicroelectronics Internship,Real-Time Traffic Light System
EEE,Control Systems Engineer,"PLC & SCADA (Siemens, ABB)","PLC Programming (Siemens, Udemy)",ABB India PLC Automation Internship,Smart Factory Automation using PLC
EEE,Control Systems Engineer,PID Controllers & MATLAB,MATLAB for Control Systems (Coursera),Rockwell Automation Internship,PID-Based Temperature Controller
EEE,Control Systems Engineer,Process Control & Instrumentation,"Process Control (NPTEL, IEEE)",Honeywell Process Automation Training,Industrial Conveyor Belt Automation
EEE,Renewable Energy Engineer,Solar PV System Design (PVSyst),"Solar PV Design (Udemy, Coursera)",Tata Power Solar Internship,Solar-Powered IoT-Based Irrigation System
EEE,Renewable Energy Engineer,Wind Energy & Grid Integration,"Wind Energy Technologies (NPTEL, MIT)",Adani Green Energy Internship,AI-Based Wind Turbine Power Prediction
EEE,Renewable Energy Engineer,Power Electronics for Energy Systems,Power Electronics for Renewables (IEEE),NTPC Renewable Energy Internship,Smart Energy Meter for Solar Grids
EEE,Instrumentation Engineer,Sensors & Transducers,Sensors & Measurement (Coursera),Yokogawa Instrumentation Internship,Smart Sensor-Based Traffic Monitoring
EEE,Instrumentation Engineer,Industrial IoT & Automation,"Industrial IoT (Udemy, NPTEL)",Emerson Electric Training,IoT-Based Smart Factory Monitoring
EEE,Automotive Electrical Engineer (EVs),Battery Management System (BMS),"EV Battery Technologies (Udemy, SAE)",Tata Motors EV Internship,BMS for Electric Vehicle Charging Stations
EEE,Automotive Electrical Engineer (EVs),Motor Controllers & Power Electronics,Power Electronics in EVs (IEEE),Mahindra Electric Training,Smart Charging System for EVs
EEE,Automotive Electrical Engineer (EVs),MATLAB & Simulink for EVs,MATLAB for EV Simulations (Coursera),Ola Electric Internship,AI-Based EV Battery Performance Prediction
EEE,Power Systems Engineer,"Power Transmission, Load Flow Analysis, SCADA, Protection Systems, Grid Integration","Power Systems Certification (NPTEL), Electrical Power Distribution (MIT OpenCourseWare), Advanced SCADA Training","National Grid Internship, Tata Power Systems Internship, GE Power Grid Internship","AI-Based Fault Detection in Power Systems, Load Balancing Algorithm for Smart Grids"
EEE,Electrical Design Engineer,"Electrical CAD, Circuit Simulation, Load Calculations, NEC Codes, Panel Design","AutoCAD Electrical (Udemy), ETAP Power System Analysis, Electrical Safety Compliance (OSHA)","Schneider Electric Design Internship, L&T Electrical Engineering Internship, Siemens Smart Infrastructure Internship","Energy-Efficient Building Wiring Design, AI-Based Electrical Load Prediction System"
EEE,Renewable Energy Engineer,"Solar PV Systems, Wind Energy, Battery Storage, Power Electronics for Renewables, Smart Grids","Solar Energy Engineering (Coursera), Wind Power Technologies (edX), Green Hydrogen Systems","Adani Green Energy Internship, Tesla Renewable Energy Internship, Tata Power Solar Internship","AI-Optimized Wind Turbine Blade Design, IoT-Based Solar Power Monitoring System"
EEE,Embedded Systems Engineer (EEE),"Microcontrollers, Real-Time Operating Systems, CAN Protocol, Low-Power Electronics","ARM Cortex-M Embedded Certification, Microcontroller Programming (NPTEL), Embedded Linux Training","Texas Instruments Embedded Program, Bosch Embedded Systems Internship, STMicroelectronics Internship","Smart Energy Meter using IoT, Home Automation System with Zigbee Protocol"
EEE,Automation Engineer,"PLC Programming, SCADA, Industrial Robotics, HMI (Human-Machine Interface), Industrial IoT","Industrial Automation (Udemy), Siemens TIA Portal Programming, Rockwell Automation PLC Course","ABB Industrial Automation Internship, Siemens Smart Factory Internship, Mitsubishi Automation Internship","Smart Factory Automation, IoT-Based Predictive Maintenance for Industrial Machines"
EEE,Electric Vehicle Engineer,"EV Powertrain, Battery Management Systems (BMS), Motor Control, EV Charging Infrastructure","Electric Vehicle Technology (edX), Advanced Battery Systems (Coursera), MATLAB for Electric Vehicles","Tesla EV Engineering Internship, Mahindra Electric Internship, Tata Motors EV R&D Program","Wireless EV Charging System, Regenerative Braking Simulation for Electric Vehicles"
EEE,Electrical Maintenance Engineer,"Transformer Maintenance, Circuit Breakers, Preventive Maintenance, Power Factor Correction","Electrical Maintenance & Safety (Udemy), Substation Automation (NPTEL), Predictive Maintenance (Coursera)","NTPC Electrical Maintenance Internship, BHEL Substation Internship, ABB Electrical Systems Internship","AI-Based Predictive Maintenance for Transformers, Smart Circuit Breaker Monitoring System"
EEE,High Voltage Engineer,"HVDC Systems, Surge Protection, Dielectric Strength Analysis, Insulation Coordination","High Voltage Engineering (MIT OpenCourseWare), HVDC Transmission Systems (IEEE)","Power Grid Corporation Internship, Siemens HV Research Internship, GE Renewable HV Internship","Design of HVDC Transmission System, AI-Based Fault Detection in High Voltage Networks"
EEE,Control Systems Engineer (EEE),"PID Controllers, State-Space Analysis, Industrial Control Systems, Fuzzy Logic","Advanced Control Systems (MIT OpenCourseWare), MATLAB Simulink Control Systems, Process Automation Certification","Siemens Industrial Automation Internship, ABB Control Systems Internship, Honeywell Process Control Internship","Smart HVAC System, Model Predictive Control for Industrial Process Automation"
EEE,Robotics Engineer (EEE),"Actuators, Embedded Control, Motion Planning, AI-Based Control Systems","Robotics & Automation (Udemy), ROS for Beginners, Robot Kinematics and Dynamics (MIT)","Boston Dynamics Robotics Internship, IIT Robotics Research Internship, Omron Industrial Robotics Program","Autonomous Warehouse Robot, AI-Powered Robotic Arm for Industrial Assembly"
EEE,Signal Processing Engineer (EEE),"Digital Signal Processing (DSP), Image Processing, Fourier Analysis, Speech Recognition","DSP & Audio Processing (Udemy), MATLAB for Signal Processing, AI for Audio and Speech Processing (Coursera)","Qualcomm DSP Internship, Texas Instruments Signal Processing Program, NVIDIA AI Audio Internship","Speech Recognition for Assistive Devices, AI-Based Noise Cancellation System for Hearing Aids"
EEE,Smart Grid Engineer,"IoT for Power Grids, Smart Metering, Demand-Side Management, Cybersecurity in Smart Grids","Smart Grid Technologies (Coursera), Energy Management Systems (edX), Cybersecurity for Power Systems","Tata Power Smart Grid Internship, GE Digital Energy Internship, Siemens Grid Automation Internship","AI-Based Energy Load Forecasting, Blockchain-Based Peer-to-Peer Energy Trading System"
EEE,Electrical Safety Engineer,"Arc Flash Analysis, Electrical Safety Standards, Risk Management, Fire Protection Systems","NFPA 70E Electrical Safety Certification, OSHA Electrical Safety Training, IEC 61850 Substation Protection","BHEL Electrical Safety Internship, National Fire Protection Association Internship, Indian Oil Safety Engineering Internship","AI-Based Electrical Hazard Detection, Smart Fire Prevention System for Industrial Buildings"
EEE,Aerospace Electrical Engineer,"Avionics, Electrical Systems in Aircraft, Power Electronics for Aerospace, Electromagnetic Interference (EMI)","Aerospace Electrical Engineering (MIT OpenCourseWare), Avionics Systems (Coursera), Aircraft Wiring and Safety (FAA)","DRDO Avionics Internship, ISRO Spacecraft Electrical Systems Internship, Boeing Aerospace Electronics Internship","Design of Lightweight Aircraft Power Distribution System, AI-Driven Fault Detection for Avionics Systems"
EEE,Power Systems Engineer,"Power Transmission, Load Flow Analysis, SCADA","Power Systems Certification (NPTEL), Grid Management (Coursera)","National Grid Internship, Siemens Power Distribution Internship","Smart Grid Implementation, AI-Based Fault Detection in Power Systems"
EEE,Electrical Design Engineer,"Electrical CAD, Circuit Simulation, Load Calculations","AutoCAD Electrical (Udemy), Electrical Design Basics (LinkedIn)","L&T Electrical Design Internship, Schneider Electric Internship","Energy-Efficient Building Wiring Design, Industrial Panel Design Automation"
EEE,Renewable Energy Engineer,"Solar PV Systems, Wind Energy, Battery Storage","Solar Energy Engineering (Coursera), Wind Energy Technology (edX)","Tata Power Renewable Internship, Adani Green Energy Internship","IoT-Based Solar Power Monitoring System, AI-Optimized Wind Turbine Efficiency"
EEE,Embedded Systems Engineer (EEE),"Microcontrollers, Real-Time Operating Systems, CAN Protocol","ARM Cortex-M Embedded Certification, Microcontroller Programming (NPTEL)","Bosch Embedded Systems Internship, Texas Instruments Embedded Program","Smart Energy Meter using IoT, Home Automation using ESP32"
EEE,Automation Engineer,"PLC Programming, SCADA, Industrial Robotics","Industrial Automation (Udemy), Siemens PLC Programming","Siemens PLC Internship, ABB Industrial Automation Program","Smart Factory Automation, PLC-Based Traffic Light Control System"
EEE,Electric Vehicle Engineer,"EV Powertrain, Battery Management Systems (BMS), Motor Control","Electric Vehicle Technology (edX), Battery Management Systems (Coursera)","Tesla EV Engineering Internship, Tata Motors EV R&D Internship","Wireless EV Charging System, Regenerative Braking Simulation for EVs"
EEE,Electrical Maintenance Engineer,"Transformer Maintenance, Circuit Breakers, Preventive Maintenance","Electrical Maintenance & Safety (Udemy), Substation Automation (Coursera)","NTPC Electrical Maintenance Internship, BHEL Substation Internship","AI-Based Predictive Maintenance for Transformers, Smart Circuit Breaker Monitoring System"
EEE,High Voltage Engineer,"Insulation Coordination, HVDC Systems, Surge Protection","High Voltage Engineering (NPTEL), Electrical Power Systems (MIT OpenCourseWare)","Power Grid Corporation Internship, ABB High Voltage Research Internship","Design of HVDC Transmission System, AI-Based Fault Detection in High Voltage Networks"
EEE,Control Systems Engineer (EEE),"PID Controllers, State-Space Analysis, Industrial Control Systems","Advanced Control Systems (MIT OpenCourseWare), MATLAB Control Systems","Siemens Industrial Automation Internship, ABB Control Systems Program","Smart HVAC System, Model Predictive Control for Industrial Processes"
EEE,Robotics Engineer (EEE),"Actuators, Embedded Control, ROS (Robot Operating System)","Robotics & Automation (Udemy), Control of Mobile Robots (Coursera)","Boston Dynamics Robotics Internship, IIT Robotics Research Internship","Autonomous Warehouse Robot, AI-Powered Robotic Arm for Industry"
EEE,Signal Processing Engineer (EEE),"Digital Signal Processing (DSP), Image Processing, Fourier Analysis","DSP & Audio Processing (Udemy), MATLAB Signal Processing","Qualcomm DSP Internship, Texas Instruments Signal Processing Program","Speech Recognition for Assistive Devices, AI-Based Noise Cancellation System"
EEE,Smart Grid Engineer,"IoT for Power Grids, Smart Metering, Load Balancing","Smart Grid Technologies (Coursera), Energy Management Systems (edX)","Tata Power Smart Grid Internship, GE Smart Energy Internship","AI-Based Energy Load Forecasting, IoT-Based Smart Meter for Energy Billing"
EEE,Electrical Safety Engineer,"Arc Flash Analysis, Electrical Safety Standards, Fire Protection Systems","NFPA 70E Electrical Safety Certification, OSHA Electrical Safety Training","BHEL Electrical Safety Internship, National Fire Protection Internship","AI-Based Electrical Hazard Detection, Smart Fire Prevention System for Industrial Buildings"
EEE,Aerospace Electrical Engineer,"Avionics, Electrical Systems in Aircraft, Power Electronics","Aerospace Electrical Engineering (MIT OpenCourseWare), Avionics Systems (Coursera)","DRDO Avionics Internship, ISRO Spacecraft Electrical Systems Internship","Design of Lightweight Aircraft Power Distribution System, AI-Driven Fault Detection for Avionics"
Mech,Design Engineer,"CAD (SolidWorks, AutoCAD, CATIA)","SolidWorks & CATIA Masterclass (Udemy, Coursera)","Siemens, Tata Motors, GE Internships",Design & Optimization of a Robotic Arm
Mech,Design Engineer,GD&T (Geometric Dimensioning & Tolerancing),"GD&T Fundamentals (Udemy, ASME)","Ashok Leyland, Mahindra Design Internship",Design for Manufacturability: Sheet Metal Part
Mech,Design Engineer,Finite Element Analysis (FEA),"FEA with ANSYS (Coursera, NPTEL)","Bosch, ISRO Stress Analysis Training",Structural Analysis of an Aircraft Wing
Mech,Manufacturing Engineer,CNC Programming & Machining,CNC Machining & Mastercam (Udemy),"Tata Steel, BHEL, Maruti Suzuki",CNC-Based Automated Drilling System
Mech,Manufacturing Engineer,Lean Manufacturing & Six Sigma,"Lean Six Sigma (Coursera, Udemy)","Toyota, Ford, Mahindra Lean Training",Reducing Waste in Manufacturing with Lean
Mech,Manufacturing Engineer,"Industrial Automation (PLC, SCADA)","PLC Automation (Udemy, NPTEL)","ABB, Siemens Industrial Training",PLC-Based Automatic Conveyor System
Mech,Automotive Engineer,Vehicle Dynamics & Suspension Design,"Automotive Vehicle Dynamics (SAE, Udemy)","Tata Motors, Mahindra, Ashok Leyland",Simulation of Vehicle Suspension System
Mech,Automotive Engineer,Powertrain Design & IC Engines,"IC Engine Fundamentals (Coursera, NPTEL)","Honda, TVS Motors, Bosch",Electric Powertrain Simulation
Mech,Automotive Engineer,Automotive Safety & Crash Analysis,"Automotive Crash Safety (Udemy, SAE)","Maruti Suzuki, Hyundai R&D",Crash Simulation of Car Bumper
Mech,Aerospace Engineer,Aerodynamics & Flight Mechanics,"Aerodynamics for Aerospace (MIT, NPTEL)","ISRO, DRDO, HAL Aerospace Internship",Wind Tunnel Simulation of an Aircraft
Mech,Aerospace Engineer,Propulsion Systems,"Rocket Propulsion (Coursera, Udacity)","SpaceX India, Rolls-Royce Aero Engines",Jet Engine Design Simulation
Mech,Aerospace Engineer,Composite Materials & Stress Analysis,"Composite Structures (Udemy, IEEE)","Boeing, Airbus India",Lightweight Composite Wing Structure
Mech,Thermal & HVAC Engineer,Heat Transfer & Thermodynamics,"Thermodynamics & Heat Transfer (NPTEL, MIT)","BHEL, NTPC, Carrier Aircon",Heat Exchanger Design & Optimization
Mech,Thermal & HVAC Engineer,Refrigeration & Air Conditioning,"HVAC System Design (ASHRAE, Coursera)","Voltas, Bluestar, LG HVAC Training",Smart Cooling System for Data Centers
Mech,Thermal & HVAC Engineer,Computational Fluid Dynamics (CFD),"CFD using ANSYS Fluent (Udemy, NPTEL)","Tata Power, L&T Power Engineering Internship",CFD Simulation of Airflow in Car Cabin
Mech,Maintenance Engineer,Root Cause Analysis & Reliability,Maintenance & Reliability Engineering (Udemy),"NTPC, Reliance Industries, ONGC Maintenance Internship",Predictive Maintenance using AI
Mech,Maintenance Engineer,Vibration Analysis & CMMS,"Vibration Monitoring (IEEE, Coursera)","BHEL, Tata Steel Maintenance Training",AI-Based Machine Condition Monitoring
Mech,Mechatronics Engineer,PLC & Robotics Integration,"Industrial Robotics (Udemy, NPTEL)","ABB, Fanuc, Yaskawa Robotics Internship",IoT-Based Smart Factory Automation
Mech,Mechatronics Engineer,Sensors & Actuators,Smart Sensors & IoT (Coursera),"Texas Instruments, Siemens IoT Training",Smart Traffic Light Control System
Mech,Robotics Engineer,Motion Control & Path Planning,Motion Control for Robots (Udacity),"Boston Dynamics, ISRO, Tata Robotics Training",Autonomous Pick & Place Robot
Mech,Robotics Engineer,AI in Robotics & ROS,"AI for Robotics (Udacity, Coursera)","Mahindra Robotics, ABB, IIT Robotics Lab",AI-Based Object Recognition for Robots
Mech,Energy & Power Plant Engineer,Power Plant Engineering,"Thermal Power Plants (NPTEL, Coursera)","NTPC, Adani Power, Tata Power Internship",Steam Turbine Performance Analysis
Mech,Energy & Power Plant Engineer,Renewable Energy Systems,"Solar & Wind Energy (IEEE, Udemy)","Indian Oil, BHEL, Suzlon Renewable Training",Hybrid Solar-Wind Energy Generation
Mech,Piping & Pipeline Engineer,Pipe Stress Analysis,"Pipeline Engineering (ASME, Udemy)","ONGC, Indian Oil, Reliance Petroleum Training",Oil Pipeline Leak Detection System
Mech,Material & Metallurgical Engineer,Failure Analysis & Testing,"Metallurgical Testing (Udemy, NPTEL)","JSW Steel, Tata Steel, Hindalco Internship",AI-Based Crack Detection in Metals
Mech,Structural & Stress Analyst,Finite Element Method (FEM),Structural Analysis with ANSYS (Udemy),"L&T, Boeing, Airbus Stress Analysis Training",Stress Simulation of a Bridge Structure
Mech,CFD & FEA Engineer,CFD Analysis,"Advanced CFD (MIT, NPTEL)","ISRO, DRDO, BHEL CFD Internship",Airflow Analysis over an F1 Car Body
Mech,Marine Engineer,Ship Propulsion & Marine Engines,"Marine Engineering (Coursera, IEEE)","Indian Navy, Mazagon Dock, Cochin Shipyard Training",AI-Based Corrosion Prevention for Ships
Mech,Biomedical Engineer,Biomechanics & Prosthetics Design,"Medical Device Design (Udemy, IEEE)","Philips, Siemens Healthcare Internship",AI-Powered Prosthetic Limb
Mech,Tool & Die Engineer,Injection Molding & Die Design,"Tool & Die Design (Udemy, NPTEL)","Tata Precision Tools, Bosch Tooling Internship",Design of a High-Precision Die
Mech,Oil & Gas Engineer,Drilling Engineering,"Offshore Drilling (Coursera, Udemy)","ONGC, Schlumberger, BPCL Internship",AI-Based Drilling Performance Optimization
Mech,Design Engineer,"3D Modeling (SolidWorks, AutoCAD, CATIA, NX)","Advanced CAD & 3D Modeling (Udemy, Coursera, NPTEL)","Tata Motors, Mahindra, Bajaj Auto, Bosch",3D CAD Design & FEM Analysis of a Drone Frame
Mech,Design Engineer,"GD&T, Tolerance Stack-up, Material Selection",GD&T Professional Certification (ASME),"Maruti Suzuki, Hyundai, Siemens Design Internship",3D Printed Metal Component Design
Mech,Design Engineer,"Finite Element Analysis (ANSYS, ABAQUS)","FEA with ANSYS (Coursera, NPTEL)","Bosch, GE Aerospace, DRDO, ISRO",Finite Element Analysis of Aircraft Wing
Mech,Design Engineer,Additive Manufacturing (3D Printing),"Additive Manufacturing (MIT, NPTEL)","Stratasys, HP 3D Printing, IIT Labs, L&T",3D Printed Automotive Part Optimization
Mech,Manufacturing Engineer,CNC Programming & G-code,"Mastering CNC Machining (Udemy, FANUC)","Tata Steel, BHEL, Maruti Suzuki, Bajaj",CNC-Based Automated Gear Cutting
Mech,Manufacturing Engineer,"Lean Manufacturing, Six Sigma","Lean Six Sigma Black Belt (Coursera, Udemy)","Toyota, Ford, Mahindra Lean Training",Reducing Defect Rate Using Six Sigma
Mech,Manufacturing Engineer,"Industrial Automation (PLC, SCADA, IoT)","PLC Automation (Udemy, NPTEL, Allen Bradley)","ABB, Siemens, Rockwell, Mitsubishi",IoT-Based Smart Factory System
Mech,Manufacturing Engineer,Artificial Intelligence in Manufacturing,"AI in Manufacturing (MIT, Udemy)","TCS Industry 4.0, Bosch AI Research",AI-Based Defect Detection in Production Line
Mech,Automotive Engineer,Vehicle Dynamics & Aerodynamics,"Automotive Vehicle Dynamics (SAE, Udemy)","Tata Motors, Mahindra, Ashok Leyland, Hyundai R&D",Aerodynamic Analysis of F1 Car using CFD
Mech,Automotive Engineer,Electric & Hybrid Vehicle Design,"EV Design & Powertrain Engineering (NPTEL, Coursera)","Tesla India, Ather Energy, Ola Electric",Battery Management System for EV
Mech,Automotive Engineer,"Powertrain Design (IC Engines, Motors)","Internal Combustion Engines (Coursera, NPTEL)","Honda, TVS Motors, Bosch, Ashok Leyland",Performance Simulation of Hybrid Powertrain
Mech,Automotive Engineer,ADAS (Autonomous Driving Tech),"ADAS & Autonomous Vehicles (Udacity, SAE)","Maruti Suzuki, Hyundai ADAS Lab, Tata Elxsi",AI-Powered Driver Assistance System
Mech,Aerospace Engineer,Aerodynamics & Flight Mechanics,"Aerodynamics for Aerospace (MIT, NPTEL)","ISRO, DRDO, HAL Aerospace Internship",Wind Tunnel Simulation of Aircraft
Mech,Aerospace Engineer,Propulsion Systems & Jet Engines,"Rocket Propulsion (Coursera, Udacity)","SpaceX India, Rolls-Royce Aero Engines",Jet Engine Design Optimization
Mech,Aerospace Engineer,UAV & Drone Technology,"UAV Design & Control (NPTEL, Coursera)","DRDO, IIT Drone Labs, Aeronautical Society of India",UAV Drone for Delivery Applications
Mech,Thermal & HVAC Engineer,Thermal Power Plants & Boilers,"Thermal Power Systems (NPTEL, Coursera)","NTPC, Adani Power, Tata Power Internship",Power Plant Heat Loss Optimization
Mech,Thermal & HVAC Engineer,HVAC Systems & Refrigeration,"HVAC Design & Load Calculation (ASHRAE, Coursera)","Voltas, Bluestar, LG HVAC Training",AI-Based Smart Cooling System for Buildings
Mech,Thermal & HVAC Engineer,Renewable Energy & Solar Heating,"Renewable Energy Engineering (MIT, IEEE)","Indian Oil, BHEL, Suzlon Renewable Training",AI-Powered Smart Solar Grid
Mech,Mechatronics Engineer,"PLC, Robotics & Automation","Industrial Robotics (Udemy, NPTEL)","ABB, Fanuc, Yaskawa Robotics Internship",Smart Conveyor System Using AI
Mech,Mechatronics Engineer,Industrial IoT (IIoT) & Smart Sensors,Smart Sensors & IoT (Coursera),"Texas Instruments, Siemens IoT Training",AI-Based Quality Control in Assembly Line
Mech,Robotics Engineer,Machine Learning & AI in Robotics,"AI for Robotics (Udacity, Coursera)","Mahindra Robotics, ABB, IIT Robotics Lab",AI-Based Warehouse Automation
Mech,Robotics Engineer,Motion Control & ROS,"ROS for Robotics (Coursera, Udemy)","Boston Dynamics, IIT Madras Robotics Lab",Autonomous Drone Navigation System
Mech,Energy & Power Plant Engineer,Smart Grids & Power Electronics,"Smart Grid Technologies (IEEE, Udemy)","NTPC, Adani Power, Tata Power Internship",AI-Based Load Balancing for Smart Grids
Mech,Industrial & Production Engineer,Supply Chain & Logistics Optimization,"Logistics & Supply Chain (MIT, Coursera)","Amazon, Flipkart, Tata Steel",AI-Powered Warehouse Optimization
Mech,Piping & Pipeline Engineer,Fluid Dynamics & Piping Stress Analysis,"Pipeline Engineering (ASME, Udemy)","ONGC, Indian Oil, Reliance Petroleum Training",Offshore Oil Pipeline Leak Detection
Mech,Material & Metallurgical Engineer,Advanced Materials & Failure Analysis,"Metallurgical Testing (Udemy, NPTEL)","JSW Steel, Tata Steel, Hindalco Internship",AI-Based Crack Detection in Metal Parts
Mech,CFD & FEA Engineer,Computational Fluid Dynamics (CFD),"Advanced CFD (MIT, NPTEL)","ISRO, DRDO, BHEL CFD Internship",Airflow Analysis over an F1 Car Body
Mech,Marine Engineer,Marine Propulsion & Offshore Structures,"Marine Engineering (Coursera, IEEE)","Indian Navy, Mazagon Dock, Cochin Shipyard Training",AI-Based Ship Corrosion Prevention
Mech,Biomedical Engineer,Medical Device Design & Prosthetics,"Medical Device Design (Udemy, IEEE)","Philips, Siemens Healthcare Internship",AI-Powered Prosthetic Limb
Mech,Tool & Die Engineer,Precision Manufacturing & Tool Design,"Tool & Die Design (Udemy, NPTEL)","Tata Precision Tools, Bosch Tooling Internship",3D Printed Injection Mold Design
Mech,Oil & Gas Engineer,Offshore Drilling & AI in Exploration,"Offshore Drilling (Coursera, Udemy)","ONGC, Schlumberger, BPCL Internship",AI-Based Oil Reservoir Analysis
Civil,Site Civil Engineer,"RCC Structure Design, AutoCAD, Quantity Surveying, Project Management","NPTEL - Construction Planning, AutoCAD Certification, Coursera - Construction Management","L&T, Tata Projects, GKC Developers, DLF",AI-Based Construction Quality Monitoring
Civil,Structural Engineer,"STAAD.Pro, ETABS, Seismic Analysis, Bridge Engineering","Coursera - Structural Analysis, IIT - Seismic Design, ASCE - Advanced Structural Design","IRCON, NHAI, CPWD, Afcons Infrastructure",Earthquake-Resistant Building Design
Civil,Geotechnical Engineer,"Soil Mechanics, PLAXIS, GeoStudio, Foundation Engineering","ASCE - Geotechnical Engineering, NPTEL - Soil Mechanics, Coursera - Foundation Engineering","Railways, DRDO, CPWD, NHPC",Landslide Risk Prediction Using AI
Civil,Construction Engineer,"MS Project, Primavera, Cost Estimation, Safety Management","Udemy - Construction Management, NEBOSH Safety Certification, PMP Certification","L&T, Tata Consulting Engineers, NBCC",AI-Based Project Scheduling Optimization
Civil,Transportation Engineer,"Highway Design, Pavement Analysis, Traffic Simulation","NPTEL - Highway Engineering, Coursera - Traffic Engineering","NHAI, Metro Rail, Uber, Ola",AI-Based Traffic Flow Prediction
Civil,Environmental Engineer,"Water Treatment, Pollution Control, Waste Management","IIT - Environmental Engineering, Udemy - Waste Management","CPCB, NTPC, Municipal Corporations",AI-Based Air Pollution Monitoring System
Civil,Hydraulic & Water Engineer,"Fluid Mechanics, Smart Irrigation, Dam Design","NPTEL - Hydraulics, Coursera - Water Resource Management","NHPC, Smart City Water Management, Jal Jeevan Mission",AI-Based Flood Prediction System
Civil,Quantity Surveyor,"BOQ Preparation, Cost Estimation, Tendering","RICS - Quantity Surveying, AICTE - Cost Analysis","PWD, Real Estate Firms, Smart City Projects",AI-Based Cost Estimator for Housing Projects
Civil,Urban & Town Planner,"GIS Mapping, Smart City Planning, Land Use Analysis","NPTEL - Urban Planning, Esri - GIS Certification","ISRO, Town Planning Departments, Smart Cities Mission",GIS-Based Smart City Expansion Mapping
Civil,BIM Engineer,"Revit, Navisworks, Clash Detection, 3D Modeling","Autodesk BIM Certification, Coursera - BIM Management","L&T, Tata Projects, DLF, NBCC",AI-Based Automated Clash Detection for BIM
Civil,Bridge & Highway Engineer,"Bridge Load Analysis, MIDAS Civil, CSI Bridge","NPTEL - Bridge Engineering, ASCE - Highway Engineering","NHAI, Railways, Afcons, Gammon India",Suspension Bridge Structural Simulation
Civil,Surveying & GIS Engineer,"Total Station, GPS, Remote Sensing, ArcGIS","Esri - GIS Mapping, NPTEL - Geospatial Analysis","ISRO, Land Survey Departments, CPWD, Smart Cities Mission",AI-Based Land Use Classification
Civil,Seismic Engineer,"Earthquake Simulation, Seismic Retrofitting, STAAD.Pro","Coursera - Seismic Risk Assessment, IIT - Earthquake Engineering","IIT Earthquake Labs, DRDO, NIDM",Earthquake-Resistant Low-Cost Housing Design
Civil,Tunnel & Underground Engineer,"Tunnel Boring Machines (TBM), Rock Mechanics, Stability Analysis","NPTEL - Tunnel Engineering, Coursera - Underground Construction","Delhi Metro, L&T, DRDO, NHPC",AI-Based Tunnel Crack Detection
Civil,Smart City Engineer,"IoT in Infrastructure, AI-Based Urban Development","Coursera - IoT for Smart Cities, NPTEL - Urban AI","ISRO, Smart City Projects, Tata Consulting",AI-Based Smart Waste Collection System
Civil,Construction Safety Engineer,"OSHA Regulations, Safety Management, Risk Assessment","NEBOSH Safety Certification, OSHA Compliance","L&T, Tata Projects, BHEL, Indian Railways",AI-Based Construction Safety Monitoring System
Civil,Coastal & Marine Engineer,"Port & Harbor Design, Shoreline Protection, Hydrodynamics","Coursera - Coastal Engineering, IEEE - Marine Engineering","Indian Navy, Mazagon Dock, Cochin Shipyard",AI-Based Shoreline Erosion Analysis
Civil,Offshore & Oil Rig Engineer,"Offshore Structural Engineering, Oil Drilling","Udemy - Offshore Drilling, API - Petroleum Engineering","ONGC, Reliance Petroleum, BPCL, Adani Gas",AI-Based Oil Spill Detection System
Civil,Forensic Civil Engineer,"Failure Analysis, Structural Auditing, Material Testing","Coursera - Structural Health Monitoring, ASCE - Forensic Engineering","BHEL, IIT Labs, DRDO, CPWD",AI-Based Structural Failure Prediction
Civil,Renewable Energy Engineer,"Solar & Wind Energy Infrastructure, Smart Grid Systems","MIT - Renewable Energy, IEEE - Green Energy","Suzlon, Adani Green, Tata Power, NHPC",AI-Based Solar Panel Efficiency Optimization
Civil,Sustainable Infrastructure Engineer,"Green Buildings, Carbon Footprint Reduction, LEED Certification","LEED - Green Building Certification, Coursera - Sustainability in Construction","IGBC, Smart City Projects, TERI, NBCC",AI-Based Smart Building Energy Optimization
Civil,Site Civil Engineer,"RCC Structure Design, AutoCAD, Quantity Surveying, Project Management","NPTEL - Construction Planning, AutoCAD Certification","L&T, GKC Developers, Tata Projects",AI-Based Construction Quality Monitoring
Civil,Structural Engineer,"STAAD.Pro, ETABS, Seismic Analysis, Bridge Engineering","Coursera - Structural Analysis, IIT - Seismic Design","IRCON, NHAI, Afcons",Earthquake-Resistant Building Design
Civil,Geotechnical Engineer,"Soil Mechanics, PLAXIS, GeoStudio, Foundation Engineering","ASCE - Geotechnical Engineering, NPTEL - Soil Mechanics","Railways, DRDO, CPWD",Landslide Risk Prediction Using AI
Civil,Construction Engineer,"MS Project, Primavera, Cost Estimation, Safety Management","Udemy - Construction Management, NEBOSH Safety Certification","L&T, Tata Consulting Engineers, Smart City Projects",AI-Based Project Scheduling Optimization
Civil,Transportation Engineer,"Highway Design, Pavement Analysis, Traffic Simulation","NPTEL - Highway Engineering, Coursera - Traffic Engineering","NHAI, Uber, Ola, Metro Rail",AI-Based Traffic Flow Prediction
Civil,Environmental Engineer,"Water Treatment, Pollution Control, Waste Management","IIT - Environmental Engineering, Udemy - Waste Management","CPCB, NTPC, Municipal Corporations",AI-Based Air Pollution Monitoring System
Civil,Hydraulic & Water Engineer,"Fluid Mechanics, Smart Irrigation, Dam Design","NPTEL - Hydraulics, Coursera - Water Resource Management","NHPC, Smart City Water Management",AI-Based Flood Prediction System
Civil,Quantity Surveyor,"BOQ Preparation, Cost Estimation, Tendering","RICS - Quantity Surveying, AICTE - Cost Analysis","PWD, Real Estate Firms, Town Planning Depts",AI-Based Cost Estimator for Housing Projects
Civil,Urban & Town Planner,"GIS Mapping, Smart City Planning, Land Use Analysis","NPTEL - Urban Planning, Esri - GIS Certification","ISRO, Town Planning Departments",GIS-Based Smart City Expansion Mapping
Civil,BIM Engineer,"Revit, Navisworks, Clash Detection, 3D Modeling","Autodesk BIM Certification, Coursera - BIM Management","Tata Projects, L&T, DLF",AI-Based Automated Clash Detection for BIM
Civil,Bridge & Highway Engineer,"Bridge Load Analysis, MIDAS Civil, CSI Bridge","NPTEL - Bridge Engineering, ASCE - Highway Engineering","NHAI, Railways, Afcons",Suspension Bridge Structural Simulation
Civil,Surveying & GIS Engineer,"Total Station, GPS, Remote Sensing, ArcGIS","Esri - GIS Mapping, NPTEL - Geospatial Analysis","ISRO, Land Survey Departments, CPWD",AI-Based Land Use Classification
Civil,Seismic Engineer,"Earthquake Simulation, Seismic Retrofitting, STAAD.Pro","Coursera - Seismic Risk Assessment, IIT - Earthquake Engineering","IIT Earthquake Labs, DRDO",Earthquake-Resistant Low-Cost Housing Design
Civil,Tunnel & Underground Engineer,"Tunnel Boring Machines (TBM), Rock Mechanics, Stability Analysis","NPTEL - Tunnel Engineering, Coursera - Underground Construction","Delhi Metro, L&T, DRDO",AI-Based Tunnel Crack Detection
Civil,Smart City Engineer,"IoT in Infrastructure, AI-Based Urban Development","Coursera - IoT for Smart Cities, NPTEL - Urban AI","ISRO, Smart City Projects, Tata Consulting",AI-Based Smart Waste Collection System
Civil,Construction Safety Engineer,"OSHA Regulations, Safety Management, Risk Assessment","NEBOSH Safety Certification, OSHA Compliance","L&T, Tata Projects, BHEL",AI-Based Construction Safety Monitoring System
Civil,Coastal & Marine Engineer,"Port & Harbor Design, Shoreline Protection, Hydrodynamics","Coursera - Coastal Engineering, IEEE - Marine Engineering","Indian Navy, Mazagon Dock, Cochin Shipyard",AI-Based Shoreline Erosion Analysis
Civil,Offshore & Oil Rig Engineer,"Offshore Structural Engineering, Oil Drilling","Udemy - Offshore Drilling, API - Petroleum Engineering","ONGC, Reliance Petroleum, BPCL",AI-Based Oil Spill Detection System
Civil,Forensic Civil Engineer,"Failure Analysis, Structural Auditing, Material Testing","Coursera - Structural Health Monitoring, ASCE - Forensic Engineering","BHEL, IIT Labs, DRDO",AI-Based Structural Failure Prediction
Civil,Renewable Energy Engineer,"Solar & Wind Energy Infrastructure, Smart Grid Systems","MIT - Renewable Energy, IEEE - Green Energy","Suzlon, Adani Green, Tata Power",AI-Based Solar Panel Efficiency Optimization
Civil,Sustainable Infrastructure Engineer,"Green Buildings, Carbon Footprint Reduction, LEED Certification","LEED - Green Building Certification, Coursera - Sustainability in Construction","IGBC, Smart City Projects, TERI",AI-Based Smart Building Energy Optimization
Civil,Structural Engineer,"RCC & Steel Structure Design (STAAD.Pro, ETABS)","Structural Analysis & Design (NPTEL, Coursera)","L&T, Tata Projects, GMR, Shapoorji Pallonji",Design & Analysis of a High-Rise Building
Civil,Structural Engineer,Seismic Design & Earthquake Engineering,"Seismic Design Certification (ASCE, NPTEL)","IIT Earthquake Labs, DRDO, CPWD",Earthquake-Resistant Building Design
Civil,Structural Engineer,"Bridge Structural Analysis (MIDAS, CSI Bridge)","Bridge Design (NPTEL, Udemy)","NHAI, IRCON, Afcons",Suspension Bridge Design
Civil,Geotechnical Engineer,Soil Mechanics & Foundation Engineering,"Geotechnical Engineering (NPTEL, ASCE)","GMR, Railways, L&T, DLF",Soil Stabilization for Highways
Civil,Geotechnical Engineer,"Slope Stability & Retaining Walls (PLAXIS, GeoStudio)",PLAXIS Training (Bentley),"CPWD, Metro Rail, Tata Consulting Engineers",Landslide Risk Assessment
Civil,Construction Engineer,"Project Scheduling (Primavera, MS Project)","Construction Management (Udemy, NPTEL)","L&T, Afcons, Shapoorji Pallonji",AI-Based Project Scheduling
Civil,Construction Engineer,Cost Estimation & Quantity Surveying,RICS Quantity Surveying Certification,"PWD, Railways, NHAI",AI-Based Construction Cost Estimator
Civil,Construction Engineer,Smart Construction & IoT,IoT in Construction (Udemy),"Smart City Projects, IIT Research Labs",AI-Based Construction Waste Management
Civil,Transportation Engineer,Highway Design & Pavement Analysis,Highway Engineering (NPTEL),"NHAI, Railways, PWD",Pavement Design for Smart Cities
Civil,Transportation Engineer,Traffic Simulation & Intelligent Transportation Systems (ITS),Traffic Engineering (Coursera),"Metro Rail, Uber, Ola",AI-Based Traffic Signal Optimization
Civil,Transportation Engineer,Railway Track & Metro Design,Railway Engineering (Coursera),"Indian Railways, IRCON, DMRC",Smart Railway Track Health Monitoring
Civil,Environmental Engineer,Wastewater Treatment & Pollution Control,"Environmental Engineering (NPTEL, AICTE)","CPCB, NTPC, Smart City Projects",AI-Based Water Quality Monitoring
Civil,Environmental Engineer,Solid Waste Management & Recycling,Sustainable Waste Management (Udemy),"Municipal Corporations, Swachh Bharat",AI-Based Waste Sorting System
Civil,Hydraulic & Water Engineer,"Hydraulics, Fluid Mechanics & Dam Design",Water Resource Engineering (NPTEL),"NHPC, Irrigation Dept, Water Resource Depts",AI-Based Flood Prediction System
Civil,Hydraulic & Water Engineer,Smart Irrigation & Water Management,IoT for Smart Water Systems (Coursera),"Smart City Projects, IIT Labs",IoT-Based Smart Irrigation System
Civil,Quantity Surveyor,BOQ Preparation & Tendering,"Quantity Surveying (RICS, Coursera)","Real Estate Developers, PWD",Smart Construction Cost Estimator
Civil,Urban & Town Planner,Urban Development & Smart Cities,"Smart City Planning (IIT, NPTEL)","ISRO, Town Planning Departments",GIS-Based Urban Expansion Analysis
Civil,BIM Engineer,"3D Modeling (Revit, Navisworks)","BIM Certification (Autodesk, Udemy)","L&T, Tata Projects, DLF",AI-Based BIM Clash Detection
Civil,Bridge & Highway Engineer,Bridge Load & Stability Analysis,Bridge Engineering (NPTEL),"NHAI, Railways, Afcons",Suspension Bridge Design
Civil,Surveying & GIS Engineer,"GIS, Remote Sensing & Land Surveying","GIS & Geospatial Engineering (Esri, NPTEL)","ISRO, Land Survey Departments",GIS-Based Land Use Mapping
Civil,Seismic Engineer,Seismic Retrofitting & Earthquake Simulation,Seismic Risk Analysis (Coursera),IIT Seismic Research Labs,Earthquake-Resistant Low-Cost Housing
Civil,Tunnel & Underground Engineer,Tunnel Boring & Stability Analysis,Underground Construction (NPTEL),"Delhi Metro, L&T, DRDO",AI-Based Tunnel Crack Detection
Civil,Smart City Engineer,IoT & AI in Infrastructure,IoT for Smart Cities (Coursera),"ISRO, Smart City Projects",AI-Based Waste Collection System
Civil,Construction Safety Engineer,OSHA & Safety Regulations,"Construction Safety Certification (NEBOSH, OSHA)","L&T, Tata Projects, BHEL",AI-Based Safety Risk Assessment
Civil,Coastal & Marine Engineer,Port & Harbor Design,"Marine Engineering (Coursera, IEEE)","Indian Navy, Mazagon Dock, Cochin Shipyard",AI-Based Shoreline Erosion Detection
Civil,Offshore & Oil Rig Engineer,Offshore Structural Engineering,Offshore Drilling (Udemy),"ONGC, Reliance Petroleum, BPCL",AI-Based Oil Spill Detection
Civil,Forensic Civil Engineer,Failure Analysis & Structural Auditing,Structural Health Monitoring (Coursera),"BHEL, DRDO, IIT Labs",AI-Based Structural Failure Detection
Civil,Renewable Energy Engineer,Solar & Wind Energy Infrastructure,"Renewable Energy Systems (MIT, IEEE)","Suzlon, Adani Green Energy, Tata Power",AI-Based Solar Panel Efficiency Optimization
Civil,Smart Construction Engineer,AI & Robotics in Construction,Robotics in Civil Engineering (Udemy),"Tata Consulting Engineers, IIT Labs",AI-Based Drone Surveying
Civil,Sustainable Infrastructure Engineer,Green Buildings & Carbon Footprint Reduction,LEED Green Building Certification,"IGBC, Smart City Projects, TERI",AI-Based Smart Building Management System
Civil,Structural Engineer,"RCC & Steel Structure Design (STAAD.Pro, ETABS)","Structural Analysis & Design (NPTEL, Coursera)","L&T, Tata Projects, GMR, Shapoorji Pallonji",Design & Analysis of a High-Rise Building
Civil,Structural Engineer,Earthquake Resistant Design (Seismic Engineering),"Seismic Design Certification (ASCE, NPTEL)","IIT Earthquake Labs, DRDO, CPWD",Earthquake-Resistant Building Design
Civil,Structural Engineer,"Finite Element Analysis (ANSYS, Abaqus)",FEA for Civil Engineers (Coursera),"ISRO, DRDO, BARC",Structural Failure Prediction using AI
Civil,Geotechnical Engineer,Soil Mechanics & Foundation Engineering,"Geotechnical Engineering (NPTEL, ASCE)","GMR, Railways, L&T, DLF",Soil Stabilization for Highways
Civil,Geotechnical Engineer,"Slope Stability Analysis (PLAXIS, GeoStudio)",PLAXIS Training (Bentley),"CPWD, NHAI, Tata Consulting Engineers",Landslide Risk Assessment
Civil,Geotechnical Engineer,Deep Foundation & Pile Design,Foundation Engineering (Coursera),"Metro Rail Projects, Larsen & Toubro",Smart Pile Foundation Design
Civil,Construction Engineer,"Project Scheduling (Primavera, MS Project)","Construction Management (Udemy, NPTEL)","L&T, Shapoorji Pallonji, Afcons",AI-Based Project Scheduling
Civil,Construction Engineer,Construction Materials & Quality Control,Construction Quality Testing (Coursera),"NCC, Ashoka Buildcon, GMR",Concrete Mix Optimization
Civil,Construction Engineer,Cost Estimation & Tendering,Quantity Surveying & Estimation (RICS),"BHEL, Railways, NHAI",Smart Construction Cost Estimator
Civil,Transportation Engineer,Highway & Pavement Design,Highway Engineering (NPTEL),"NHAI, Indian Railways, PWD",Pavement Design for Smart Cities
Civil,Transportation Engineer,Traffic Engineering & ITS,Intelligent Transportation Systems (Udemy),"Metro Rail, Uber, Ola",AI-Based Traffic Signal Optimization
Civil,Transportation Engineer,Railway Track Design,Railway Engineering (Coursera),"Indian Railways, IRCON, DMRC",Smart Railway Track Health Monitoring
Civil,Environmental Engineer,Wastewater Treatment & Recycling,"Environmental Engineering (NPTEL, AICTE)","Pollution Control Boards, CMWSSB",AI-Based Water Quality Monitoring
Civil,Environmental Engineer,Air Pollution Control,Air Quality Modeling (Coursera),"CPCB, GAIL, NTPC",Low-Cost Air Pollution Monitoring Device
Civil,Environmental Engineer,Green Building & LEED Certification,LEED Certification (GBCI),"IGBC, Smart City Projects, TERI",Sustainable Building Design
Civil,Hydraulic & Water Engineer,Hydraulics & Fluid Mechanics,"Hydraulic Engineering (NPTEL, Coursera)","Irrigation Dept, Water Resource Depts",AI-Based Flood Prediction System
Civil,Hydraulic & Water Engineer,Dams & Canal Design,Water Resource Management (Udemy),"NHPC, Narmada Water Projects",Optimization of Water Supply Networks
Civil,Hydraulic & Water Engineer,Stormwater & Drainage Systems,Urban Drainage System (Coursera),"Smart City Projects, Municipal Corporations",Smart Urban Drainage Design
Civil,Quantity Surveyor,BOQ Preparation & Cost Estimation,"Quantity Surveying (RICS, Coursera)","Real Estate Developers, PWD",AI-Based Cost Estimation Tool
Civil,Urban & Town Planner,Urban Development & Smart Cities,"Smart City Planning (IIT, NPTEL)","ISRO, Town Planning Departments",GIS-Based Urban Expansion Analysis
Civil,BIM Engineer,"Revit, Navisworks, 3D Modeling","BIM Certification (Autodesk, Udemy)","L&T, Tata Projects, DLF",AI-Based BIM Clash Detection
Civil,Bridge & Highway Engineer,Bridge Structural Analysis,Bridge Engineering (NPTEL),"NHAI, Railways, Afcons",Suspension Bridge Design
Civil,Surveying & GIS Engineer,"GIS & Remote Sensing (ArcGIS, QGIS)","GIS & Geospatial Engineering (Esri, NPTEL)","ISRO, State Land Survey Departments",GIS-Based Land Use Mapping
Civil,Seismic Engineer,Seismic Retrofitting Techniques,Seismic Risk Analysis (Coursera),IIT Seismic Research Labs,Earthquake-Resistant Low-Cost Housing
Civil,Tunnel & Underground Engineer,Tunnel Boring & Stability Analysis,Underground Construction (NPTEL),"Delhi Metro, L&T, DRDO",AI-Based Tunnel Crack Detection
Civil,Smart City Engineer,IoT in Infrastructure,IoT for Smart Cities (Coursera),"ISRO, Smart City Projects",AI-Based Waste Collection System
Civil,Construction Safety Engineer,OSHA & Safety Regulations,"Construction Safety Certification (NEBOSH, OSHA)","L&T, Tata Projects, BHEL",AI-Based Safety Risk Assessment
